[
{
    "model": "blood.stock",
    "pk": 1,
    "fields": {
        "bloodgroup": "A+",
        "unit": 701
    }
},
{
    "model": "blood.stock",
    "pk": 2,
    "fields": {
        "bloodgroup": "A-",
        "unit": 900
    }
},
{
    "model": "blood.stock",
    "pk": 3,
    "fields": {
        "bloodgroup": "B+",
        "unit": 1000
    }
},
{
    "model": "blood.stock",
    "pk": 4,
    "fields": {
        "bloodgroup": "B-",
        "unit": 200
    }
},
{
    "model": "blood.stock",
    "pk": 5,
    "fields": {
        "bloodgroup": "AB+",
        "unit": 800
    }
},
{
    "model": "blood.stock",
    "pk": 6,
    "fields": {
        "bloodgroup": "AB-",
        "unit": 900
    }
},
{
    "model": "blood.stock",
    "pk": 7,
    "fields": {
        "bloodgroup": "O+",
        "unit": 1807
    }
},
{
    "model": "blood.stock",
    "pk": 8,
    "fields": {
        "bloodgroup": "O-",
        "unit": 300
    }
},
{
    "model": "blood.bloodrequest",
    "pk": 2,
    "fields": {
        "request_by_patient": 2,
        "request_by_donor": null,
        "patient_name": "hashmat",
        "patient_age": 23,
        "reason": "fever",
        "bloodgroup": "A+",
        "unit": 200,
        "status": "Approved",
        "date": "2024-10-23"
    }
},
{
    "model": "blood.bloodrequest",
    "pk": 4,
    "fields": {
        "request_by_patient": 2,
        "request_by_donor": null,
        "patient_name": "hashmat",
        "patient_age": 22,
        "reason": "headache",
        "bloodgroup": "O+",
        "unit": 200,
        "status": "Approved",
        "date": "2024-11-02"
    }
},
{
    "model": "blood.bloodrequest",
    "pk": 5,
    "fields": {
        "request_by_patient": null,
        "request_by_donor": 4,
        "patient_name": "shabir",
        "patient_age": 22,
        "reason": "fever",
        "bloodgroup": "A-",
        "unit": 100,
        "status": "Approved",
        "date": "2024-12-29"
    }
},
{
    "model": "blood.bloodrequest",
    "pk": 6,
    "fields": {
        "request_by_patient": 2,
        "request_by_donor": null,
        "patient_name": "hashmat nabizada",
        "patient_age": 23,
        "reason": "anameia",
        "bloodgroup": "A+",
        "unit": 150,
        "status": "Rejected",
        "date": "2025-01-11"
    }
},
{
    "model": "blood.bloodrequest",
    "pk": 7,
    "fields": {
        "request_by_patient": 4,
        "request_by_donor": null,
        "patient_name": "mokhtar",
        "patient_age": 20,
        "reason": "cancer",
        "bloodgroup": "O-",
        "unit": 200,
        "status": "Approved",
        "date": "2025-01-11"
    }
},
{
    "model": "blood.bloodrequest",
    "pk": 8,
    "fields": {
        "request_by_patient": 11,
        "request_by_donor": null,
        "patient_name": "shafiq",
        "patient_age": 20,
        "reason": "fever",
        "bloodgroup": "B-",
        "unit": 200,
        "status": "Approved",
        "date": "2025-01-11"
    }
},
{
    "model": "blood.bloodrequest",
    "pk": 9,
    "fields": {
        "request_by_patient": null,
        "request_by_donor": 6,
        "patient_name": "naem",
        "patient_age": 24,
        "reason": "headache",
        "bloodgroup": "A+",
        "unit": 22,
        "status": "Approved",
        "date": "2025-01-11"
    }
},
{
    "model": "blood.bloodrequest",
    "pk": 10,
    "fields": {
        "request_by_patient": null,
        "request_by_donor": 4,
        "patient_name": "shabir hz",
        "patient_age": 22,
        "reason": "Nothing",
        "bloodgroup": "O+",
        "unit": 21,
        "status": "Approved",
        "date": "2025-01-10"
    }
},
{
    "model": "blood.bloodrequest",
    "pk": 11,
    "fields": {
        "request_by_patient": 2,
        "request_by_donor": null,
        "patient_name": "hashmat",
        "patient_age": 23,
        "reason": "fever",
        "bloodgroup": "A+",
        "unit": 21,
        "status": "Approved",
        "date": "2025-01-11"
    }
},
{
    "model": "blood.bloodrequest",
    "pk": 12,
    "fields": {
        "request_by_patient": 2,
        "request_by_donor": null,
        "patient_name": "hashmat nabizada",
        "patient_age": 23,
        "reason": "fever",
        "bloodgroup": "A+",
        "unit": 1,
        "status": "Approved",
        "date": "2025-01-11"
    }
},
{
    "model": "blood.bloodrequest",
    "pk": 13,
    "fields": {
        "request_by_patient": 2,
        "request_by_donor": null,
        "patient_name": "hashmat nabizada",
        "patient_age": 23,
        "reason": "fever",
        "bloodgroup": "A+",
        "unit": 2,
        "status": "Approved",
        "date": "2025-01-11"
    }
},
{
    "model": "blood.bloodrequest",
    "pk": 14,
    "fields": {
        "request_by_patient": null,
        "request_by_donor": 6,
        "patient_name": "naem hussaini",
        "patient_age": 22,
        "reason": "Nothing",
        "bloodgroup": "A+",
        "unit": 3,
        "status": "Approved",
        "date": "2025-01-11"
    }
},
{
    "model": "blood.bloodrequest",
    "pk": 15,
    "fields": {
        "request_by_patient": null,
        "request_by_donor": 9,
        "patient_name": "zaman hamza",
        "patient_age": 22,
        "reason": "headache",
        "bloodgroup": "AB+",
        "unit": 200,
        "status": "Approved",
        "date": "2025-01-11"
    }
},
{
    "model": "blood.bloodrequest",
    "pk": 16,
    "fields": {
        "request_by_patient": 2,
        "request_by_donor": null,
        "patient_name": "hashmat nabizada",
        "patient_age": 23,
        "reason": "fever",
        "bloodgroup": "A+",
        "unit": 100,
        "status": "Approved",
        "date": "2025-01-11"
    }
},
{
    "model": "blood.bloodrequest",
    "pk": 17,
    "fields": {
        "request_by_patient": null,
        "request_by_donor": 4,
        "patient_name": "shabir hz",
        "patient_age": 22,
        "reason": "Nothing",
        "bloodgroup": "O+",
        "unit": 2,
        "status": "Approved",
        "date": "2025-01-11"
    }
},
{
    "model": "blood.bloodrequest",
    "pk": 18,
    "fields": {
        "request_by_patient": 2,
        "request_by_donor": null,
        "patient_name": "hashmat nabizada",
        "patient_age": 23,
        "reason": "fever",
        "bloodgroup": "A+",
        "unit": 100,
        "status": "Approved",
        "date": "2025-01-11"
    }
},
{
    "model": "blood.bloodrequest",
    "pk": 19,
    "fields": {
        "request_by_patient": null,
        "request_by_donor": 4,
        "patient_name": "shabir hz",
        "patient_age": 22,
        "reason": "Nothing",
        "bloodgroup": "O+",
        "unit": 10,
        "status": "Approved",
        "date": "2025-01-11"
    }
},
{
    "model": "blood.bloodrequest",
    "pk": 20,
    "fields": {
        "request_by_patient": null,
        "request_by_donor": 4,
        "patient_name": "shabir hz",
        "patient_age": 22,
        "reason": "Nothing",
        "bloodgroup": "O+",
        "unit": 100,
        "status": "Approved",
        "date": "2025-01-11"
    }
},
{
    "model": "blood.bloodrequest",
    "pk": 21,
    "fields": {
        "request_by_patient": null,
        "request_by_donor": 4,
        "patient_name": "shabir hz",
        "patient_age": 22,
        "reason": "Nothing",
        "bloodgroup": "O+",
        "unit": 10,
        "status": "Approved",
        "date": "2025-01-11"
    }
},
{
    "model": "blood.bloodrequest",
    "pk": 22,
    "fields": {
        "request_by_patient": 4,
        "request_by_donor": null,
        "patient_name": "mokhtar nabizada",
        "patient_age": 20,
        "reason": "cancer",
        "bloodgroup": "O-",
        "unit": 100,
        "status": "Approved",
        "date": "2025-01-12"
    }
},
{
    "model": "blood.bloodrequest",
    "pk": 23,
    "fields": {
        "request_by_patient": null,
        "request_by_donor": 7,
        "patient_name": "fahim hz",
        "patient_age": 22,
        "reason": "Nothing",
        "bloodgroup": "A+",
        "unit": 100,
        "status": "Approved",
        "date": "2025-01-12"
    }
},
{
    "model": "blood.bloodrequest",
    "pk": 24,
    "fields": {
        "request_by_patient": 2,
        "request_by_donor": null,
        "patient_name": "hashmat nabizada",
        "patient_age": 23,
        "reason": "fever",
        "bloodgroup": "A+",
        "unit": 10,
        "status": "Approved",
        "date": "2025-01-28"
    }
},
{
    "model": "blood.bloodrequest",
    "pk": 25,
    "fields": {
        "request_by_patient": 2,
        "request_by_donor": null,
        "patient_name": "hashmat nabizada",
        "patient_age": 23,
        "reason": "fever",
        "bloodgroup": "A+",
        "unit": 10,
        "status": "Approved",
        "date": "2025-01-28"
    }
},
{
    "model": "blood.bloodrequest",
    "pk": 26,
    "fields": {
        "request_by_patient": 2,
        "request_by_donor": null,
        "patient_name": "hashmat nabizada",
        "patient_age": 23,
        "reason": "fever",
        "bloodgroup": "A+",
        "unit": 20,
        "status": "Approved",
        "date": "2025-01-28"
    }
},
{
    "model": "blood.bloodrequest",
    "pk": 27,
    "fields": {
        "request_by_patient": 2,
        "request_by_donor": null,
        "patient_name": "hashmat nabizada",
        "patient_age": 23,
        "reason": "fever",
        "bloodgroup": "A+",
        "unit": 10,
        "status": "Approved",
        "date": "2025-01-28"
    }
},
{
    "model": "blood.bloodrequest",
    "pk": 28,
    "fields": {
        "request_by_patient": 2,
        "request_by_donor": null,
        "patient_name": "hashmat nabizada",
        "patient_age": 23,
        "reason": "fever",
        "bloodgroup": "A+",
        "unit": 100,
        "status": "Approved",
        "date": "2025-01-28"
    }
},
{
    "model": "blood.bloodrequest",
    "pk": 29,
    "fields": {
        "request_by_patient": 4,
        "request_by_donor": null,
        "patient_name": "mokhtar nabizada",
        "patient_age": 20,
        "reason": "cancer",
        "bloodgroup": "O-",
        "unit": 100,
        "status": "Approved",
        "date": "2025-01-29"
    }
},
{
    "model": "blood.contactmessage",
    "pk": 1,
    "fields": {
        "name": "Mohammad",
        "email": "afgm12626@gmail.com",
        "message": "I love your management and I hope that you can improve this management!",
        "created_at": "2024-10-24T22:20:10.792Z"
    }
},
{
    "model": "blood.contactmessage",
    "pk": 6,
    "fields": {
        "name": "Ahmad",
        "email": "ahmad@gmail.com",
        "message": "appreciate for your helping...",
        "created_at": "2024-10-28T10:34:40.068Z"
    }
},
{
    "model": "blood.contactmessage",
    "pk": 8,
    "fields": {
        "name": "mohammad",
        "email": "mahmod@gmail.com",
        "message": "Awesome",
        "created_at": "2024-10-30T16:56:18.250Z"
    }
},
{
    "model": "blood.contactmessage",
    "pk": 11,
    "fields": {
        "name": "Hashmat",
        "email": "hashmat@gmail.com",
        "message": "great",
        "created_at": "2024-11-11T11:08:51.615Z"
    }
},
{
    "model": "blood.contactmessage",
    "pk": 12,
    "fields": {
        "name": "Aman",
        "email": "aman@gmail.com",
        "message": "awesome...",
        "created_at": "2024-11-13T15:07:27.099Z"
    }
},
{
    "model": "blood.contactmessage",
    "pk": 13,
    "fields": {
        "name": "Sajad",
        "email": "sajad@gmail.com",
        "message": "this is so good!",
        "created_at": "2024-11-14T17:49:15.272Z"
    }
},
{
    "model": "blood.contactmessage",
    "pk": 14,
    "fields": {
        "name": "abdul",
        "email": "abdul@gmail.com",
        "message": "I love this program.",
        "created_at": "2024-12-15T15:24:59.224Z"
    }
},
{
    "model": "donor.donor",
    "pk": 4,
    "fields": {
        "user": 8,
        "profile_pic": "profile_pic/Donor/shabir_nHR50FU.jpg",
        "bloodgroup": "O+",
        "address": "khoshhal-khan",
        "mobile": "0283479827",
        "email": "sha@gmail.com"
    }
},
{
    "model": "donor.donor",
    "pk": 6,
    "fields": {
        "user": 10,
        "profile_pic": "profile_pic/Donor/hashmat_aKqarWz.jpeg",
        "bloodgroup": "A+",
        "address": "Dehmazang",
        "mobile": "0788293939",
        "email": null
    }
},
{
    "model": "donor.donor",
    "pk": 7,
    "fields": {
        "user": 11,
        "profile_pic": "profile_pic/Donor/shabir_pLwbdwH.jpg",
        "bloodgroup": "A+",
        "address": "dasht-e-barchi",
        "mobile": "0789234892",
        "email": "fahim@gmail.com"
    }
},
{
    "model": "donor.donor",
    "pk": 8,
    "fields": {
        "user": 13,
        "profile_pic": "profile_pic/Donor/r1.jpg",
        "bloodgroup": "B+",
        "address": "khoshhal-khan",
        "mobile": "0794709597",
        "email": "mohammasbr@gmail.com"
    }
},
{
    "model": "donor.donor",
    "pk": 9,
    "fields": {
        "user": 22,
        "profile_pic": "profile_pic/Donor/shabir_T1xMzaV.jpg",
        "bloodgroup": "AB+",
        "address": "khoshhal-khan",
        "mobile": "0799343434",
        "email": "zaman@gmail.com"
    }
},
{
    "model": "donor.blooddonate",
    "pk": 5,
    "fields": {
        "donor": 4,
        "disease": "Nothing",
        "age": 22,
        "bloodgroup": "O+",
        "unit": 150,
        "status": "Approved",
        "date": "2025-01-11"
    }
},
{
    "model": "donor.blooddonate",
    "pk": 6,
    "fields": {
        "donor": 4,
        "disease": "fever",
        "age": 22,
        "bloodgroup": "O+",
        "unit": 200,
        "status": "Approved",
        "date": "2025-01-11"
    }
},
{
    "model": "donor.blooddonate",
    "pk": 7,
    "fields": {
        "donor": 4,
        "disease": "Nothing",
        "age": 22,
        "bloodgroup": "O+",
        "unit": 100,
        "status": "Approved",
        "date": "2025-01-11"
    }
},
{
    "model": "donor.blooddonate",
    "pk": 8,
    "fields": {
        "donor": 6,
        "disease": "Nothing",
        "age": 24,
        "bloodgroup": "A+",
        "unit": 100,
        "status": "Approved",
        "date": "2025-01-11"
    }
},
{
    "model": "donor.blooddonate",
    "pk": 9,
    "fields": {
        "donor": 4,
        "disease": "Nothing",
        "age": 22,
        "bloodgroup": "O+",
        "unit": 100,
        "status": "Approved",
        "date": "2025-01-11"
    }
},
{
    "model": "donor.blooddonate",
    "pk": 10,
    "fields": {
        "donor": 4,
        "disease": "Nothing",
        "age": 22,
        "bloodgroup": "O+",
        "unit": 100,
        "status": "Approved",
        "date": "2025-01-11"
    }
},
{
    "model": "donor.blooddonate",
    "pk": 11,
    "fields": {
        "donor": 7,
        "disease": "Nothing",
        "age": 26,
        "bloodgroup": "A+",
        "unit": 100,
        "status": "Approved",
        "date": "2025-01-11"
    }
},
{
    "model": "donor.blooddonate",
    "pk": 12,
    "fields": {
        "donor": 4,
        "disease": "Nothing",
        "age": 22,
        "bloodgroup": "O+",
        "unit": 200,
        "status": "Approved",
        "date": "2025-01-12"
    }
},
{
    "model": "donor.blooddonate",
    "pk": 13,
    "fields": {
        "donor": 6,
        "disease": "Nothing",
        "age": 24,
        "bloodgroup": "A+",
        "unit": 100,
        "status": "Approved",
        "date": "2025-01-12"
    }
},
{
    "model": "donor.blooddonate",
    "pk": 14,
    "fields": {
        "donor": 7,
        "disease": "Nothing",
        "age": 22,
        "bloodgroup": "A+",
        "unit": 100,
        "status": "Approved",
        "date": "2025-01-12"
    }
},
{
    "model": "donor.blooddonate",
    "pk": 15,
    "fields": {
        "donor": 4,
        "disease": "Nothing",
        "age": 22,
        "bloodgroup": "O+",
        "unit": 200,
        "status": "Approved",
        "date": "2025-01-28"
    }
},
{
    "model": "donor.blooddonate",
    "pk": 16,
    "fields": {
        "donor": 4,
        "disease": "Nothing",
        "age": 22,
        "bloodgroup": "O+",
        "unit": 200,
        "status": "Approved",
        "date": "2025-01-28"
    }
},
{
    "model": "donor.blooddonate",
    "pk": 17,
    "fields": {
        "donor": 4,
        "disease": "Nothing",
        "age": 22,
        "bloodgroup": "O+",
        "unit": 10,
        "status": "Rejected",
        "date": "2025-01-28"
    }
},
{
    "model": "donor.blooddonate",
    "pk": 18,
    "fields": {
        "donor": 4,
        "disease": "Nothing",
        "age": 22,
        "bloodgroup": "O+",
        "unit": 200,
        "status": "Approved",
        "date": "2025-03-19"
    }
},
{
    "model": "donor.feedback",
    "pk": 1,
    "fields": {
        "user": 8,
        "email": "afgking0029@gmail.com",
        "message": "hi sr",
        "created_at": "2025-01-07T17:49:10.243Z"
    }
},
{
    "model": "donor.feedback",
    "pk": 2,
    "fields": {
        "user": 10,
        "email": "afgking0029@gmail.com",
        "message": "hi it is just a test",
        "created_at": "2025-01-07T17:53:41.053Z"
    }
},
{
    "model": "donor.feedback",
    "pk": 3,
    "fields": {
        "user": 10,
        "email": "afgking0029@gmail.com",
        "message": "naem",
        "created_at": "2025-01-07T17:56:04.425Z"
    }
},
{
    "model": "donor.feedback",
    "pk": 4,
    "fields": {
        "user": 11,
        "email": "afgking0029@gmail.com",
        "message": "fahim it is me!",
        "created_at": "2025-01-07T17:57:57.423Z"
    }
},
{
    "model": "donor.feedback",
    "pk": 5,
    "fields": {
        "user": 11,
        "email": "afgking0029@gmail.com",
        "message": "fahim it is me!",
        "created_at": "2025-01-07T17:58:46.774Z"
    }
},
{
    "model": "donor.feedback",
    "pk": 6,
    "fields": {
        "user": 11,
        "email": "mohammasbr@gmail.com",
        "message": "this is me",
        "created_at": "2025-01-07T18:01:29.610Z"
    }
},
{
    "model": "donor.feedback",
    "pk": 7,
    "fields": {
        "user": 11,
        "email": "afgking0029@gmail.com",
        "message": "this is me",
        "created_at": "2025-01-07T18:03:50.892Z"
    }
},
{
    "model": "donor.feedback",
    "pk": 8,
    "fields": {
        "user": 11,
        "email": "afgking0029@gmail.com",
        "message": "this is me",
        "created_at": "2025-01-07T18:06:29.065Z"
    }
},
{
    "model": "donor.feedback",
    "pk": 9,
    "fields": {
        "user": 11,
        "email": "afgking0029@gmail.com",
        "message": "salaam",
        "created_at": "2025-01-07T18:07:01.604Z"
    }
},
{
    "model": "donor.feedback",
    "pk": 10,
    "fields": {
        "user": 11,
        "email": "afgking0029@gmail.com",
        "message": "agian bro",
        "created_at": "2025-01-07T18:11:02.308Z"
    }
},
{
    "model": "donor.feedback",
    "pk": 11,
    "fields": {
        "user": 8,
        "email": "afgking0029@gmail.com",
        "message": "test",
        "created_at": "2025-01-08T15:37:29.065Z"
    }
},
{
    "model": "donor.feedback",
    "pk": 12,
    "fields": {
        "user": 8,
        "email": "afgking0029@gmail.com",
        "message": "patient",
        "created_at": "2025-01-08T16:35:38.884Z"
    }
},
{
    "model": "donor.feedback",
    "pk": 13,
    "fields": {
        "user": 10,
        "email": "afgking0029@gmail.com",
        "message": "donor message",
        "created_at": "2025-01-11T11:21:30.641Z"
    }
},
{
    "model": "donor.feedback",
    "pk": 14,
    "fields": {
        "user": 11,
        "email": "afgking0029@gmail.com",
        "message": "it's complete",
        "created_at": "2025-01-12T15:39:17.629Z"
    }
},
{
    "model": "donor.feedback",
    "pk": 15,
    "fields": {
        "user": 8,
        "email": "afgking0029@gmail.com",
        "message": "donor",
        "created_at": "2025-01-28T12:50:45.364Z"
    }
},
{
    "model": "patient.patient",
    "pk": 2,
    "fields": {
        "user": 5,
        "profile_pic": "profile_pic/Patient/hashmat.jpeg",
        "age": 23,
        "bloodgroup": "A+",
        "disease": "fever",
        "doctorname": "Qais",
        "address": "char qala",
        "mobile": "0788829891",
        "email": "hashmat123@gmail.com"
    }
},
{
    "model": "patient.patient",
    "pk": 4,
    "fields": {
        "user": 12,
        "profile_pic": "profile_pic/Patient/shabir.jpg",
        "age": 20,
        "bloodgroup": "O-",
        "disease": "cancer",
        "doctorname": "ahmad",
        "address": "khoshhal-khan",
        "mobile": "0283479827",
        "email": "mokhtar@gmail.com"
    }
},
{
    "model": "patient.patient",
    "pk": 6,
    "fields": {
        "user": 15,
        "profile_pic": "profile_pic/Patient/mokhtar_x5OzThT.jpeg",
        "age": 24,
        "bloodgroup": "AB+",
        "disease": "fever",
        "doctorname": "Qais",
        "address": "khoshhal-khan",
        "mobile": "0283479827",
        "email": null
    }
},
{
    "model": "patient.patient",
    "pk": 7,
    "fields": {
        "user": 16,
        "profile_pic": "profile_pic/Patient/r2.jpg",
        "age": 23,
        "bloodgroup": "O-",
        "disease": "fever",
        "doctorname": "Qais",
        "address": "khoshhal-khan",
        "mobile": "0283479827",
        "email": null
    }
},
{
    "model": "patient.patient",
    "pk": 8,
    "fields": {
        "user": 17,
        "profile_pic": "profile_pic/Patient/r3.jpg",
        "age": 22,
        "bloodgroup": "O+",
        "disease": "fever",
        "doctorname": "Qais",
        "address": "nnnnnnn",
        "mobile": "0127348273",
        "email": null
    }
},
{
    "model": "patient.patient",
    "pk": 9,
    "fields": {
        "user": 18,
        "profile_pic": "profile_pic/Patient/hashmat_d4OJXRe.jpeg",
        "age": 22,
        "bloodgroup": "O+",
        "disease": "fever",
        "doctorname": "Qais",
        "address": "tttt",
        "mobile": "0728374827",
        "email": "t@t.com"
    }
},
{
    "model": "patient.patient",
    "pk": 10,
    "fields": {
        "user": 19,
        "profile_pic": "profile_pic/Patient/shabir_GJsXdMq.jpg",
        "age": 22,
        "bloodgroup": "O+",
        "disease": "fever",
        "doctorname": "Qais",
        "address": "mmmm",
        "mobile": "02374834",
        "email": "m@m.com"
    }
},
{
    "model": "patient.patient",
    "pk": 11,
    "fields": {
        "user": 20,
        "profile_pic": "profile_pic/Patient/hashmat_9VxA3ob.jpeg",
        "age": 20,
        "bloodgroup": "B-",
        "disease": "fever",
        "doctorname": "Qais",
        "address": "khoshhal-khan",
        "mobile": "0283479827",
        "email": "shafiq@gmail.com"
    }
},
{
    "model": "patient.patient",
    "pk": 12,
    "fields": {
        "user": 21,
        "profile_pic": "profile_pic/Patient/r2_6NGZzYc.jpg",
        "age": 28,
        "bloodgroup": "AB-",
        "disease": "anemia",
        "doctorname": "Qais",
        "address": "khoshhal-khan",
        "mobile": "0283479827",
        "email": "ajmal@gmail.com"
    }
},
{
    "model": "patient.p_feedback",
    "pk": 1,
    "fields": {
        "user": 5,
        "email": "afgking0029@gmail.com",
        "message": "patient real",
        "created_at": "2025-01-08T16:55:03.438Z"
    }
},
{
    "model": "patient.p_feedback",
    "pk": 2,
    "fields": {
        "user": 5,
        "email": "afgking0029@gmail.com",
        "message": "patient real",
        "created_at": "2025-01-08T16:57:22.926Z"
    }
},
{
    "model": "patient.p_feedback",
    "pk": 3,
    "fields": {
        "user": 5,
        "email": "afgking0029@gmail.com",
        "message": "n",
        "created_at": "2025-01-08T16:58:02.989Z"
    }
},
{
    "model": "patient.p_feedback",
    "pk": 4,
    "fields": {
        "user": 5,
        "email": "afgking0029@gmail.com",
        "message": "1",
        "created_at": "2025-01-08T17:00:34.064Z"
    }
},
{
    "model": "patient.p_feedback",
    "pk": 5,
    "fields": {
        "user": 5,
        "email": "afgking0029@gmail.com",
        "message": "nn",
        "created_at": "2025-01-08T17:01:32.225Z"
    }
},
{
    "model": "patient.p_feedback",
    "pk": 6,
    "fields": {
        "user": 5,
        "email": "afgking0029@gmail.com",
        "message": "ll",
        "created_at": "2025-01-08T17:03:48.740Z"
    }
},
{
    "model": "patient.p_feedback",
    "pk": 7,
    "fields": {
        "user": 5,
        "email": "afgking0029@gmail.com",
        "message": "1",
        "created_at": "2025-01-08T17:04:49.299Z"
    }
},
{
    "model": "patient.p_feedback",
    "pk": 8,
    "fields": {
        "user": 5,
        "email": "afgking0029@gmail.com",
        "message": "p",
        "created_at": "2025-01-08T17:05:39.688Z"
    }
},
{
    "model": "patient.p_feedback",
    "pk": 9,
    "fields": {
        "user": 5,
        "email": "afgking0029@gmail.com",
        "message": "n",
        "created_at": "2025-01-27T18:48:24.703Z"
    }
},
{
    "model": "patient.p_feedback",
    "pk": 10,
    "fields": {
        "user": 5,
        "email": "afgking0029@gmail.com",
        "message": "new",
        "created_at": "2025-01-27T18:55:56.738Z"
    }
},
{
    "model": "patient.p_feedback",
    "pk": 11,
    "fields": {
        "user": 5,
        "email": "afgking0029@gmail.com",
        "message": "salam",
        "created_at": "2025-01-28T11:22:25.668Z"
    }
}
]
